,,DATA  BASE,,,,
PESO VIVO,E. METAB.,"VIT.""A""","VIT.""D""",Ca,P,FIBRA
200,"6,02","15,000","6,000","8,00","5,500","1,80"
201,"6,0501","15,075","6,030","8,04","5,528","1,81"
202,"6,0802","15,150","6,060","8,08","5,555","1,82"
203,"6,1103","15,225","6,090","8,12","5,583","1,83"
204,"6,1404","15,300","6,120","8,16","5,610","1,84"
205,"6,1705","15,375","6,150","8,20","5,638","1,85"
206,"6,2006","15,450","6,180","8,24","5,665","1,85"
207,"6,2307","15,525","6,210","8,28","5,693","1,86"
208,"6,2608","15,600","6,240","8,32","5,720","1,87"
209,"6,2909","15,675","6,270","8,36","5,748","1,88"
210,"6,321","15,750","6,300","8,40","5,775","1,89"
211,"6,3511","15,825","6,330","8,44","5,803","1,90"
212,"6,3812","15,900","6,360","8,48","5,830","1,91"
213,"6,4113","15,975","6,390","8,52","5,858","1,92"
214,"6,4414","16,050","6,420","8,56","5,885","1,93"
215,"6,4715","16,125","6,450","8,60","5,913","1,94"
216,"6,5016","16,200","6,480","8,64","5,940","1,94"
217,"6,5317","16,275","6,510","8,68","5,968","1,95"
218,"6,5618","16,350","6,540","8,72","5,995","1,96"
219,"6,5919","16,425","6,570","8,76","6,023","1,97"
220,"6,622","16,500","6,600","8,80","6,050","1,98"
221,"6,6521","16,575","6,630","8,84","6,078","1,99"
222,"6,6822","16,650","6,660","8,88","6,105","2,00"
223,"6,7123","16,725","6,690","8,92","6,133","2,01"
224,"6,7424","16,800","6,720","8,96","6,160","2,02"
225,"6,7725","16,875","6,750","9,00","6,188","2,03"
226,"6,8026","16,950","6,780","9,04","6,215","2,03"
227,"6,8327","17,025","6,810","9,08","6,243","2,04"
228,"6,8628","17,100","6,840","9,12","6,270","2,05"
229,"6,8929","17,175","6,870","9,16","6,298","2,06"
230,"6,923","17,250","6,900","9,20","6,325","2,07"
231,"6,9531","17,325","6,930","9,24","6,353","2,08"
232,"6,9832","17,400","6,960","9,28","6,380","2,09"
233,"7,0133","17,475","6,990","9,32","6,408","2,10"
234,"7,0434","17,550","7,020","9,36","6,435","2,11"
235,"7,0735","17,625","7,050","9,40","6,463","2,12"
236,"7,1036","17,700","7,080","9,44","6,490","2,12"
237,"7,1337","17,775","7,110","9,48","6,517","2,13"
238,"7,1638","17,850","7,140","9,52","6,545","2,14"
239,"7,1939","17,925","7,170","9,56","6,572","2,15"
240,"7,224","18,000","7,200","9,60","6,600","2,16"
241,"7,2541","18,075","7,230","9,64","6,627","2,17"
242,"7,2842","18,150","7,260","9,68","6,655","2,18"
243,"7,3143","18,225","7,290","9,72","6,682","2,19"
244,"7,3444","18,300","7,320","9,76","6,710","2,20"
245,"7,3745","18,375","7,350","9,80","6,737","2,21"
246,"7,4046","18,450","7,380","9,84","6,765","2,21"
247,"7,4347","18,525","7,410","9,88","6,792","2,22"
248,"7,4648","18,600","7,440","9,92","6,820","2,23"
249,"7,4949","18,675","7,470","9,96","6,847","2,24"
250,"7,525","18,750","7,500","10,00","6,875","2,25"
251,"7,5551","18,825","7,530","10,04","6,902","2,26"
252,"7,5852","18,900","7,560","10,08","6,930","2,27"
253,"7,6153","18,975","7,590","10,12","6,957","2,28"
254,"7,6454","19,050","7,620","10,16","6,985","2,29"
255,"7,6755","19,125","7,650","10,20","7,012","2,29"
256,"7,7056","19,200","7,680","10,24","7,040","2,30"
257,"7,7357","19,275","7,710","10,28","7,067","2,31"
258,"7,7658","19,350","7,740","10,32","7,095","2,32"
259,"7,7959","19,425","7,770","10,36","7,122","2,33"
260,"7,826","19,500","7,800","10,40","7,150","3,25"
261,"7,8561","19,575","7,830","10,44","7,177","3,26"
262,"7,8862","19,650","7,860","10,48","7,205","3,28"
263,"7,9163","19,725","7,890","10,52","7,232","3,29"
264,"7,9464","19,800","7,920","10,56","7,260","3,30"
265,"7,9765","19,875","7,950","10,60","7,287","3,31"
266,"8,0066","19,950","7,980","10,64","7,315","3,33"
267,"8,0367","20,025","8,010","10,68","7,342","3,34"
268,"8,0668","20,100","8,040","10,72","7,370","3,35"
269,"8,0969","20,175","8,070","10,76","7,397","3,36"
270,"8,100","20,250","8,100","10,80","7,425","3,35"
271,"8,130","20,325","8,130","10,84","7,452","3,36"
272,"8,160","20,400","8,160","10,88","7,480","3,37"
273,"8,190","20,475","8,190","10,92","7,507","3,39"
274,"8,220","20,550","8,220","10,96","7,535","3,40"
275,"8,250","20,625","8,250","11,00","7,562","3,41"
276,"8,280","20,700","8,280","11,04","7,590","3,42"
277,"8,310","20,775","8,310","11,08","7,617","3,44"
278,"8,340","20,850","8,340","11,12","7,645","3,45"
279,"8,370","20,925","8,370","11,16","7,672","3,46"
280,"8,400","21,000","8,400","11,20","7,700","3,45"
281,"8,430","21,075","8,430","11,24","7,727","3,46"
282,"8,460","21,150","8,460","11,28","7,755","3,47"
283,"8,490","21,225","8,490","11,32","7,782","3,49"
284,"8,520","21,300","8,520","11,36","7,810","3,50"
285,"8,550","21,375","8,550","11,40","7,837","3,51"
286,"8,580","21,450","8,580","11,44","7,865","3,52"
287,"8,610","21,525","8,610","11,48","7,892","3,54"
288,"8,640","21,600","8,640","11,52","7,920","3,55"
289,"8,670","21,675","8,670","11,56","7,947","3,56"
290,"8,700","21,750","8,700","11,60","7,975","3,57"
291,"8,730","21,825","8,730","11,64","8,002","3,59"
292,"8,760","21,900","8,760","11,68","8,030","3,60"
293,"8,790","21,975","8,790","11,72","8,057","3,61"
294,"8,820","22,050","8,820","11,76","8,085","3,62"
295,"8,850","22,125","8,850","11,80","8,112","3,63"
296,"8,880","22,200","8,880","11,84","8,140","3,65"
297,"8,910","22,275","8,910","11,88","8,167","3,66"
298,"8,940","22,350","8,940","11,92","8,195","3,67"
299,"8,970","22,425","8,970","11,96","8,222","3,68"
300,"9,000","22,500","9,000",12,"8,250","3,70"
301,"9,030","22,575","9,030","12,04","8,278","3,71"
302,"9,060","22,650","9,060","12,08","8,305","3,72"
303,"9,090","22,725","9,090","12,12","8,333","3,73"
304,"9,120","22,800","9,120","12,16","8,360","3,75"
305,"9,150","22,875","9,150","12,20","8,388","3,76"
306,"9,180","22,950","9,180","12,24","8,415","3,77"
307,"9,210","23,025","9,210","12,28","8,443","3,78"
308,"9,240","23,100","9,240","12,32","8,470","3,79"
309,"9,270","23,175","9,270","12,36","8,498","3,81"
310,"9,300","23,250","9,300","12,4","8,525","3,82"
311,"9,330","23,325","9,330","12,44","8,553","3,83"
312,"9,360","23,400","9,360","12,48","8,580","3,84"
313,"9,390","23,475","9,390","12,52","8,608","3,86"
314,"9,420","23,550","9,420","12,56","8,635","3,87"
315,"9,450","23,625","9,450","12,60","8,663","3,88"
316,"9,480","23,700","9,480","12,64","8,690","3,90"
317,"9,510","23,775","9,510","12,68","8,718","3,91"
318,"9,540","23,850","9,540","12,72","8,745","3,92"
319,"9,570","23,925","9,570","12,76","8,773","3,93"
320,"9,600","24,000","9,600","12,8","8,800","3,95"
321,"9,630","24,075","9,630","12,84","8,828","3,96"
322,"9,660","24,150","9,660","12,88","8,855","3,97"
323,"9,690","24,225","9,690","12,92","8,883","3,98"
324,"9,720","24,300","9,720","12,96","8,910","4,00"
325,"9,750","24,375","9,750",13,"8,938","4,01"
326,"9,780","24,450","9,780","13,04","8,965","4,02"
327,"9,810","24,525","9,810","13,08","8,993","4,03"
328,"9,840","24,600","9,840","13,12","9,020","4,04"
329,"9,870","24,675","9,870","13,16","9,048","4,06"
330,"9,920","24,750","9,900","13,20","9,075","4,07"
331,"9,950","24,825","9,930","13,24","9,103","4,08"
332,"9,980","24,900","9,960","13,28","9,130","4,09"
333,"10,010","24,975","9,990","13,32","9,158","4,11"
334,"10,040","25,050","10,020","13,36","9,185","4,12"
335,"10,070","25,125","10,050","13,4","9,213","4,13"
336,"10,100","25,200","10,080","13,44","9,240","4,14"
337,"10,130","25,275","10,110","13,48","9,267","4,16"
338,"10,160","25,350","10,140","13,52","9,295","4,17"
339,"10,191","25,425","10,170","13,56","9,322","4,18"
340,"10,221","25,500","10,200","13,60","9,350","4,19"
341,"10,251","25,575","10,230","13,64","9,377","4,21"
342,"10,281","25,650","10,260","13,68","9,405","4,22"
343,"10,311","25,725","10,290","13,72","9,432","4,23"
344,"10,341","25,800","10,320","13,76","9,460","4,24"
345,"10,371","25,875","10,350","13,8","9,487","4,25"
346,"10,401","25,950","10,380","13,84","9,515","4,27"
347,"10,431","26,025","10,410","13,88","9,542","4,28"
348,"10,461","26,100","10,440","13,92","9,570","4,29"
349,"10,491","26,175","10,470","13,96","9,597","4,30"
350,"10,521","26,250","10,500",14,"9,625","4,16"
351,"10,551","26,325","10,530","14,04","9,652","4,17"
352,"10,581","26,400","10,560","14,08","9,680","4,18"
353,"10,611","26,475","10,590","14,12","9,707","4,20"
354,"10,641","26,550","10,620","14,16","9,735","4,21"
355,"10,672","26,625","10,650","14,20","9,762","4,22"
356,"10,702","26,700","10,680","14,24","9,790","4,23"
357,"10,732","26,775","10,710","14,28","9,817","4,24"
358,"10,762","26,850","10,740","14,32","9,845","4,26"
359,"10,792","26,925","10,770","14,36","9,872","4,27"
360,"10,822","27,000","10,800","14,4","9,900","4,28"
361,"10,852","27,075","10,830","14,44","9,927","4,29"
362,"10,882","27,150","10,860","14,48","9,955","4,30"
363,"10,912","27,225","10,890","14,52","9,982","4,31"
364,"10,942","27,300","10,920","14,56","10,010","4,33"
365,"10,972","27,375","10,950","14,60","10,038","4,34"
366,"11,002","27,450","10,980","14,64","10,065","4,35"
367,"11,032","27,525","11,010","14,68","10,093","4,36"
368,"11,062","27,600","11,040","14,72","10,120","4,37"
369,"11,092","27,675","11,070","14,76","10,148","4,39"
370,"11,122","27,750","11,100","14,8","10,175","4,36"
371,"11,152","27,825","11,130","14,84","10,203","4,38"
372,"11,183","27,900","11,160","14,88","10,230","4,41"
373,"11,213","27,975","11,190","14,92","10,258","4,43"
374,"11,243","28,050","11,220","14,96","10,285","4,45"
375,"11,273","28,125","11,250","15,00","10,313","4,48"
376,"11,303","28,200","11,280","15,04","10,340","4,50"
377,"11,333","28,275","11,310","15,08","10,368","4,52"
378,"11,363","28,350","11,340","15,12","10,395","4,55"
379,"11,393","28,425","11,370","15,16","10,423","4,57"
380,"11,423","28,500","11,400","15,2","10,450","3,43"
381,"11,453","28,575","11,430","15,24","10,478","3,44"
382,"11,483","28,650","11,460","15,28","10,505","3,45"
383,"11,513","28,725","11,490","15,32","10,533","3,46"
384,"11,543","28,800","11,520","15,36","10,560","3,47"
385,"11,573","28,875","11,550","15,40","10,588","3,48"
386,"11,603","28,950","11,580","15,44","10,615","3,48"
387,"11,633","29,025","11,610","15,48","10,643","3,49"
388,"11,664","29,100","11,640","15,52","10,670","3,50"
389,"11,694","29,175","11,670","15,56","10,698","3,51"
390,"11,724","29,250","11,700","15,6","10,725","3,52"
391,"11,754","29,325","11,730","15,64","10,753","3,53"
392,"11,784","29,400","11,760","15,68","10,780","3,54"
393,"11,814","29,475","11,790","15,72","10,808","3,55"
394,"11,844","29,550","11,820","15,76","10,835","3,56"
395,"11,874","29,625","11,850","15,80","10,863","3,57"
396,"11,904","29,700","11,880","15,84","10,890","3,57"
397,"11,934","29,775","11,910","15,88","10,918","3,58"
398,"11,964","29,850","11,940","15,92","10,945","3,59"
399,"11,994","29,925","11,970","15,96","10,973","3,60"
400,"12,024","30,000","12,000","16,00","11,000","3,63"
401,"12,054","30,075","12,030","16,04","11,028","3,64"
402,"12,084","30,150","12,060","16,08","11,055","3,65"
403,"12,114","30,225","12,090","16,12","11,083","3,66"
404,"12,144","30,300","12,120","16,16","11,110","3,67"
405,"12,175","30,375","12,150","16,20","11,138","3,68"
406,"12,205","30,450","12,180","16,24","11,165","3,68"
407,"12,235","30,525","12,210","16,28","11,193","3,69"
408,"12,265","30,600","12,240","16,32","11,220","3,70"
409,"12,295","30,675","12,270","16,36","11,248","3,71"
410,"12,325","30,750","12,300","16,40","11,275","3,72"
411,"12,355","30,825","12,330","16,44","11,303","3,73"
412,"12,385","30,900","12,360","16,48","11,330","3,74"
413,"12,415","30,975","12,390","16,52","11,358","3,75"
414,"12,445","31,050","12,420","16,56","11,385","3,76"
415,"12,475","31,125","12,450","16,60","11,413","3,77"
416,"12,505","31,200","12,480","16,64","11,440","3,78"
417,"12,535","31,275","12,510","16,68","11,468","3,78"
418,"12,565","31,350","12,540","16,72","11,495","3,79"
419,"12,595","31,425","12,570","16,76","11,523","3,80"
420,"12,625","31,500","12,600","16,80","11,550","3,81"
421,"12,656","31,575","12,630","16,84","11,578","3,82"
422,"12,686","31,650","12,660","16,88","11,605","3,83"
423,"12,716","31,725","12,690","16,92","11,633","3,84"
424,"12,746","31,800","12,720","16,96","11,660","3,85"
425,"12,776","31,875","12,750","17,00","11,688","3,86"
426,"12,806","31,950","12,780","17,04","11,715","3,87"
427,"12,836","32,025","12,810","17,08","11,743","3,88"
428,"12,866","32,100","12,840","17,12","11,770","3,88"
429,"12,896","32,175","12,870","17,16","11,798","3,89"
430,"12,926","32,250","12,900","17,20","11,825","3,90"
431,"12,956","32,325","12,930","17,24","11,853","3,91"
432,"12,986","32,400","12,960","17,28","11,880","3,92"
433,"13,016","32,475","12,990","17,32","11,908","3,93"
434,"13,046","32,550","13,020","17,36","11,935","3,94"
435,"13,076","32,625","13,050","17,40","11,963","3,95"
436,"13,106","32,700","13,080","17,44","11,990","3,96"
437,"13,136","32,775","13,110","17,48","12,018","3,97"
438,"13,167","32,850","13,140","17,52","12,045","3,97"
439,"13,197","32,925","13,170","17,56","12,073","3,98"
440,"13,227","33,000","13,200","17,60","12,100","4,02"
441,"13,257","33,075","13,230","17,64","12,128","4,03"
442,"13,287","33,150","13,260","17,68","12,155","4,04"
443,"13,317","33,225","13,290","17,72","12,183","4,05"
444,"13,347","33,300","13,320","17,76","12,210","4,06"
445,"13,377","33,375","13,350","17,80","12,238","4,07"
446,"13,407","33,450","13,380","17,84","12,265","4,07"
447,"13,437","33,525","13,410","17,88","12,293","4,08"
448,"13,467","33,600","13,440","17,92","12,320","4,09"
449,"13,497","33,675","13,470","17,96","12,348","4,10"
450,"13,527","33,750","13,500","18,00","12,375","4,11"
451,"13,557","33,825","13,530","18,04","12,403","4,12"
452,"13,587","33,900","13,560","18,08","12,430","4,13"
453,"13,617","33,975","13,590","18,12","12,458","4,14"
454,"13,648","34,050","13,620","18,16","12,485","4,15"
455,"13,678","34,125","13,650","18,20","12,513","4,16"
456,"13,708","34,200","13,680","18,24","12,540","4,16"
457,"13,738","34,275","13,710","18,28","12,568","4,17"
458,"13,768","34,350","13,740","18,32","12,595","4,18"
459,"13,798","34,425","13,770","18,36","12,623","4,19"
460,"13,828","34,500","13,800","18,40","12,650","4,20"
461,"13,858","34,575","13,830","18,44","12,678","4,21"
462,"13,888","34,650","13,860","18,48","12,705","4,22"
463,"13,918","34,725","13,890","18,52","12,733","4,23"
464,"13,948","34,800","13,920","18,56","12,760","4,24"
465,"13,978","34,875","13,950","18,60","12,788","4,25"
466,"14,008","34,950","13,980","18,64","12,815","4,25"
467,"14,038","35,025","14,010","18,68","12,843","4,26"
468,"14,068","35,100","14,040","18,72","12,870","4,27"
469,"14,098","35,175","14,070","18,76","12,898","4,28"
470,"14,128","35,250","14,100","18,80","12,925","4,29"
471,"14,159","35,325","14,130","18,84","12,953","4,30"
472,"14,189","35,400","14,160","18,88","12,980","4,31"
473,"14,219","35,475","14,190","18,92","13,008","4,32"
474,"14,249","35,550","14,220","18,96","13,035","4,33"
475,"14,279","35,625","14,250","19,00","13,063","4,34"
476,"14,309","35,700","14,280","19,04","13,090","4,34"
477,"14,339","35,775","14,310","19,08","13,118","4,35"
478,"14,369","35,850","14,340","19,12","13,145","4,36"
479,"14,399","35,925","14,370","19,16","13,173","4,37"
480,"14,429","36,000","14,400","19,20","13,200","4,42"
481,"14,459","36,075","14,430","19,24","13,228","4,43"
482,"14,489","36,150","14,460","19,28","13,255","4,44"
483,"14,519","36,225","14,490","19,32","13,283","4,45"
484,"14,549","36,300","14,520","19,36","13,310","4,46"
485,"14,579","36,375","14,550","19,40","13,338","4,47"
486,"14,609","36,450","14,580","19,44","13,365","4,48"
487,"14,640","36,525","14,610","19,48","13,393","4,48"
488,"14,670","36,600","14,640","19,52","13,420","4,49"
489,"14,700","36,675","14,670","19,56","13,448","4,50"
490,"14,730","36,750","14,700","19,60","13,475","4,51"
491,"14,760","36,825","14,730","19,64","13,503","4,52"
492,"14,790","36,900","14,760","19,68","13,530","4,53"
493,"14,820","36,975","14,790","19,72","13,558","4,54"
494,"14,850","37,050","14,820","19,76","13,585","4,55"
495,"14,880","37,125","14,850","19,80","13,613","4,56"
496,"14,910","37,200","14,880","19,84","13,640","4,57"
497,"14,940","37,275","14,910","19,88","13,668","4,58"
498,"14,970","37,350","14,940","19,92","13,695","4,59"
499,"14,720","37,425","14,970","19,96","13,723","4,59"
500,"14,749","37,500","15,000","20,00","14,000","4,47"
501,"14,779","37,575","15,030","20,04","14,028","4,48"
502,"14,808","37,650","15,060","20,08","14,056","4,49"
503,"14,838","37,725","15,090","20,12","14,084","4,50"
504,"14,867","37,800","15,120","20,16","14,112","4,51"
505,"14,897","37,875","15,150","20,20","14,140","4,51"
506,"14,926","37,950","15,180","20,24","14,168","4,52"
507,"14,956","38,025","15,210","20,28","14,196","4,53"
508,"14,985","38,100","15,240","20,32","14,224","4,54"
509,"15,015","38,175","15,270","20,36","14,252","4,55"
510,"15,044","38,250","15,300","20,40","14,280","4,56"
511,"15,074","38,325","15,330","20,44","14,308","4,57"
512,"15,103","38,400","15,360","20,48","14,336","4,58"
513,"15,133","38,475","15,390","20,52","14,364","4,59"
514,"15,162","38,550","15,420","20,56","14,392","4,60"
515,"15,192","38,625","15,450","20,60","14,420","4,60"
516,"15,221","38,700","15,480","20,64","14,448","4,61"
517,"15,251","38,775","15,510","20,68","14,476","4,62"
518,"15,280","38,850","15,540","20,72","14,504","4,63"
519,"15,310","38,925","15,570","20,76","14,532","4,64"
520,"15,339","39,000","15,600","20,80","14,560","4,65"
521,"15,369","39,075","15,630","20,84","14,588","4,66"
522,"15,398","39,150","15,660","20,88","14,616","4,67"
523,"15,428","39,225","15,690","20,92","14,644","4,68"
524,"15,457","39,300","15,720","20,96","14,672","4,68"
525,"15,487","39,375","15,750","21,00","14,700","4,69"
526,"15,516","39,450","15,780","21,04","14,728","4,70"
527,"15,546","39,525","15,810","21,08","14,756","4,71"
528,"15,575","39,600","15,840","21,12","14,784","4,72"
529,"15,605","39,675","15,870","21,16","14,812","4,73"
530,"15,634","39,750","15,900","21,20","14,840","4,77"
531,"15,664","39,825","15,930","21,24","14,868","4,78"
532,"15,693","39,900","15,960","21,28","14,896","4,79"
533,"15,723","39,975","15,990","21,32","14,924","4,80"
534,"15,752","40,050","16,020","21,36","14,952","4,81"
535,"15,782","40,125","16,050","21,40","14,980","4,82"
536,"15,811","40,200","16,080","21,44","15,008","4,82"
537,"15,841","40,275","16,110","21,48","15,036","4,83"
538,"15,870","40,350","16,140","21,52","15,064","4,84"
539,"15,900","40,425","16,170","21,56","15,092","4,85"
540,"15,900","40,500","16,200","21,60","15,120","4,86"
541,"15,929","40,575","16,230","21,64","15,148","4,87"
542,"15,959","40,650","16,260","21,68","15,176","4,88"
543,"15,988","40,725","16,290","21,72","15,204","4,89"
544,"16,018","40,800","16,320","21,76","15,232","4,90"
545,"16,047","40,875","16,350","21,80","15,260","4,91"
546,"16,077","40,950","16,380","21,84","15,288","4,91"
547,"16,106","41,025","16,410","21,88","15,316","4,92"
548,"16,136","41,100","16,440","21,92","15,344","4,93"
549,"16,165","41,175","16,470","21,96","15,372","4,94"
550,"16,194","41,250","16,500","22,00","15,400","6,10"
551,"16,224","41,325","16,530","22,04","15,428","6,11"
552,"16,253","41,400","16,560","22,08","15,456","6,12"
553,"16,283","41,475","16,590","22,12","15,484","6,13"
554,"16,312","41,550","16,620","22,16","15,512","6,14"
555,"16,342","41,625","16,650","22,20","15,540","6,15"
556,"16,371","41,700","16,680","22,24","15,568","6,16"
557,"16,401","41,775","16,710","22,28","15,596","6,17"
558,"16,430","41,850","16,740","22,32","15,624","6,18"
559,"16,459","41,925","16,770","22,36","15,652","6,19"
560,"16,489","42,000","16,800","22,40","15,680","6,20"
561,"16,518","42,075","16,830","22,44","15,708","6,21"
562,"16,548","42,150","16,860","22,48","15,736","6,22"
563,"16,577","42,225","16,890","22,52","15,764","6,23"
564,"16,607","42,300","16,920","22,56","15,792","6,24"
565,"16,636","42,375","16,950","22,60","15,820","6,25"
566,"16,666","42,450","16,980","22,64","15,848","6,26"
567,"16,695","42,525","17,010","22,68","15,876","6,27"
568,"16,724","42,600","17,040","22,72","15,904","6,28"
569,"16,754","42,675","17,070","22,76","15,932","6,29"
570,"16,783","42,750","17,100","22,80","15,960","6,3"
571,"16,813","42,825","17,130","22,84","15,988","6,31"
572,"16,842","42,900","17,160","22,88","16,016","6,32"
573,"16,872","42,975","17,190","22,92","16,044","6,33"
574,"16,901","43,050","17,220","22,96","16,072","6,34"
575,"16,931","43,125","17,250","23,00","16,100","6,35"
576,"16,960","43,200","17,280","23,04","16,128","6,36"
577,"16,989","43,275","17,310","23,08","16,156","6,37"
578,"17,019","43,350","17,340","23,12","16,184","6,38"
579,"17,048","43,425","17,370","23,16","16,212","6,39"
580,"17,078","43,500","17,400","23,20","16,240","6,38"
581,"17,107","43,575","17,430","23,24","16,268","6,39"
582,"17,137","43,650","17,460","23,28","16,296","6,40"
583,"17,166","43,725","17,490","23,32","16,324","6,41"
584,"17,196","43,800","17,520","23,36","16,352","6,42"
585,"17,225","43,875","17,550","23,40","16,380","6,44"
586,"17,254","43,950","17,580","23,44","16,408","6,45"
587,"17,284","44,025","17,610","23,48","16,436","6,46"
588,"17,313","44,100","17,640","23,52","16,464","6,47"
589,"17,343","44,175","17,670","23,56","16,492","6,48"
590,"17,390","44,250","17,700","23,60","16,520","6,49"
591,"17,419","44,325","17,730","23,64","16,548","6,50"
592,"17,449","44,400","17,760","23,68","16,576","6,51"
593,"17,478","44,475","17,790","23,72","16,604","6,52"
594,"17,508","44,550","17,820","23,76","16,632","6,53"
595,"17,537","44,625","17,850","23,80","16,660","6,55"
596,"17,567","44,700","17,880","23,84","16,688","6,56"
597,"17,596","44,775","17,910","23,88","16,716","6,57"
598,"17,626","44,850","17,940","23,92","16,744","6,58"
599,"17,655","44,925","17,970","23,96","16,772","6,59"
600,"17,685","46,000","18,000","24,00","17,000","6,59"
601,"17,714","46,077","18,030","24,04","17,028","6,60"
602,"17,744","46,153","18,060","24,08","17,057","6,61"
603,"17,773","46,230","18,090","24,12","17,085","6,62"
604,"17,803","46,307","18,120","24,16","17,113","6,63"
605,"17,832","46,383","18,150","24,2","17,142","6,64"
606,"17,862","46,460","18,180","24,24","17,170","6,66"
607,"17,891","46,537","18,210","24,28","17,198","6,67"
608,"17,921","46,613","18,240","24,32","17,227","6,68"
609,"17,950","46,690","18,270","24,36","17,255","6,69"
610,"17,979","46,767","18,300","24,40","17,283","6,70"
611,"18,009","46,843","18,330","24,44","17,312","6,71"
612,"18,038","46,920","18,360","24,48","17,340","6,72"
613,"18,068","46,997","18,390","24,52","17,368","6,73"
614,"18,097","47,073","18,420","24,56","17,397","6,74"
615,"18,127","47,150","18,450","24,6","17,425","6,75"
616,"18,156","47,227","18,480","24,64","17,453","6,77"
617,"18,186","47,303","18,510","24,68","17,482","6,78"
618,"18,215","47,380","18,540","24,72","17,510","6,79"
619,"18,245","47,457","18,570","24,76","17,538","6,80"
620,"18,274","47,533","18,600","24,80","17,567","6,81"
621,"18,304","47,610","18,630","24,84","17,595","6,82"
622,"18,333","47,687","18,660","24,88","17,623","6,83"
623,"18,363","47,763","18,690","24,92","17,652","6,84"
624,"18,392","47,840","18,720","24,96","17,680","6,85"
625,"18,422","47,917","18,750",25,"17,708","6,86"
626,"18,451","47,993","18,780","25,04","17,737","6,88"
627,"18,481","48,070","18,810","25,08","17,765","6,89"
628,"18,510","48,147","18,840","25,12","17,793","6,90"
629,"18,540","48,223","18,870","25,16","17,822","6,91"
630,"18,569","48,300","18,900","25,20","17,850","6,92"
631,"18,598","48,377","18,930","25,24","17,878","6,93"
632,"18,628","48,453","18,960","25,28","17,907","6,94"
633,"18,657","48,530","18,990","25,32","17,935","6,95"
634,"18,687","48,607","19,020","25,36","17,963","6,96"
635,"18,716","48,683","19,050","25,4","17,992","6,97"
636,"18,746","48,760","19,080","25,44","18,020","6,99"
637,"18,775","48,837","19,110","25,48","18,048","7,00"
638,"18,805","48,913","19,140","25,52","18,077","7,01"
639,"18,834","48,990","19,170","25,56","18,105","7,02"
640,"18,864","49,067","19,200","25,60","18,133","7,03"
641,"18,893","49,143","19,230","25,64","18,162","7,04"
642,"18,923","49,220","19,260","25,68","18,190","7,05"
643,"18,952","49,297","19,290","25,72","18,218","7,06"
644,"18,982","49,373","19,320","25,76","18,247","7,07"
645,"19,011","49,450","19,350","25,8","18,275","7,08"
646,"19,041","49,527","19,380","25,84","18,303","7,10"
647,"19,070","49,603","19,410","25,88","18,332","7,11"
648,"19,100","49,680","19,440","25,92","18,360","7,12"
649,"19,129","49,757","19,470","25,96","18,388","7,13"
650,"19,158","49,000","19,500","26,00","18,417","7,14"
651,"19,188","49,075","19,530","26,04","18,445","7,15"
652,"19,217","49,151","19,560","26,08","18,473","7,16"
653,"19,247","49,226","19,590","26,12","18,502","7,17"
654,"19,276","49,302","19,620","26,16","18,530","7,18"
655,"19,306","49,377","19,650","26,2","18,558","7,19"
656,"19,335","49,452","19,680","26,24","18,587","7,21"
657,"19,365","49,528","19,710","26,28","18,615","7,22"
658,"19,394","49,603","19,740","26,32","18,643","7,23"
659,"19,424","49,678","19,770","26,36","18,672","7,24"
660,"19,453","49,754","19,800","26,40","18,700","7,25"
661,"19,483","49,829","19,830","26,44","18,728","7,26"
662,"19,512","49,905","19,860","26,48","18,757","7,27"
663,"19,542","49,980","19,890","26,52","18,785","7,28"
664,"19,571","50,055","19,920","26,56","18,813","7,29"
665,"19,601","50,131","19,950","26,6","18,842","7,30"
666,"19,630","50,206","19,980","26,64","18,870","7,31"
667,"19,660","50,282","20,010","26,68","18,898","7,33"
668,"19,689","50,357","20,040","26,72","18,927","7,34"
669,"19,718","50,432","20,070","26,76","18,955","7,35"
670,"19,748","50,508","20,100","26,80","18,983","7,36"
671,"19,777","50,583","20,130","26,84","19,012","7,37"
672,"19,807","50,658","20,160","26,88","19,040","7,38"
673,"19,836","50,734","20,190","26,92","19,068","7,39"
674,"19,866","50,809","20,220","26,96","19,097","7,40"
675,"19,895","50,885","20,250",27,"19,125","7,41"
676,"19,925","50,960","20,280","27,04","19,153","7,42"
677,"19,954","51,035","20,310","27,08","19,182","7,44"
678,"19,984","51,111","20,340","27,12","19,210","7,45"
679,"20,013","51,186","20,370","27,16","19,238","7,46"
680,"20,043","51,262","20,400","27,20","19,267","7,47"
681,"20,072","51,337","20,430","27,24","19,295","7,48"
682,"20,102","51,412","20,460","27,28","19,323","7,49"
683,"20,131","51,488","20,490","27,32","19,352","7,50"
684,"20,161","51,563","20,520","27,36","19,380","7,51"
685,"20,190","51,638","20,550","27,4","19,408","7,52"
686,"20,220","51,714","20,580","27,44","19,437","7,53"
687,"20,249","51,789","20,610","27,48","19,465","7,55"
688,"20,279","51,865","20,640","27,52","19,493","7,56"
689,"20,308","51,940","20,670","27,56","19,522","7,57"
690,"20,337","52,015","20,700","27,60","19,550","7,58"
691,"20,367","52,091","20,730","27,64","19,578","7,59"
692,"20,396","52,166","20,760","27,68","19,607","7,60"
693,"20,426","52,242","20,790","27,72","19,635","7,61"
694,"20,455","52,317","20,820","27,76","19,663","7,62"
695,"20,485","52,392","20,850","27,8","19,692","7,63"
696,"20,514","52,468","20,880","27,84","19,720","7,64"
697,"20,544","52,543","20,910","27,88","19,748","7,66"
698,"20,573","52,618","20,940","27,92","19,777","7,67"
699,"20,603","52,694","20,970","27,96","19,805","7,68"
700,"20,632","53,000","21,000","28,00","20,000","7,69"
701,"20,662","53,076","21,030","28,04","20,029","7,70"
702,"20,691","53,151","21,060","28,08","20,057","7,71"
703,"20,721","53,227","21,090","28,12","20,086","7,72"
704,"20,750","53,303","21,120","28,16","20,114","7,73"
705,"20,780","53,379","21,150","28,2","20,143","7,74"
706,"20,809","53,454","21,180","28,24","20,171","7,75"
707,"20,839","53,530","21,210","28,28","20,200","7,77"
708,"20,868","53,606","21,240","28,32","20,229","7,78"
709,"20,897","53,681","21,270","28,36","20,257","7,79"
710,"20,927","53,757","21,300","28,40","20,286","7,80"
711,"20,956","53,833","21,330","28,44","20,314","7,81"
712,"20,986","53,909","21,360","28,48","20,343","7,82"
713,"21,015","53,984","21,390","28,52","20,371","7,83"
714,"21,045","54,060","21,420","28,56","20,400","7,84"
715,"21,074","54,136","21,450","28,6","20,429","7,85"
716,"21,104","54,211","21,480","28,64","20,457","7,86"
717,"21,133","54,287","21,510","28,68","20,486","7,88"
718,"21,163","54,363","21,540","28,72","20,514","7,89"
719,"21,192","54,439","21,570","28,76","20,543","7,90"
720,"21,222","54,514","21,600","28,80","20,571","7,91"
721,"21,251","54,590","21,630","28,84","20,600","7,92"
722,"21,281","54,666","21,660","28,88","20,629","7,93"
723,"21,310","54,741","21,690","28,92","20,657","7,94"
724,"21,340","54,817","21,720","28,96","20,686","7,95"
725,"21,369","54,893","21,750","29,00","20,714","7,96"
726,"21,399","54,969","21,780","29,04","20,743","7,97"
727,"21,428","55,044","21,810","29,08","20,771","7,98"
728,"21,457","55,120","21,840","29,12","20,800","8,00"
729,"21,487","55,196","21,870","29,16","20,829","8,01"
730,"21,516","55,271","21,900","29,2","20,857","8,02"
731,"21,546","55,347","21,930","29,24","20,886","8,03"
732,"21,575","55,423","21,960","29,28","20,914","8,04"
733,"21,605","55,499","21,990","29,32","20,943","8,05"
734,"21,634","55,574","22,020","29,36","20,971","8,06"
735,"21,664","55,650","22,050","29,40","21,000","8,07"
736,"21,693","55,726","22,080","29,44","21,029","8,08"
737,"21,723","55,801","22,110","29,48","21,057","8,09"
738,"21,752","55,877","22,140","29,52","21,086","8,11"
739,"21,782","55,953","22,170","29,56","21,114","8,12"
740,"21,811","56,029","22,200","29,60","21,143","8,13"
741,"21,841","56,104","22,230","29,64","21,171","8,14"
742,"21,870","56,180","22,260","29,68","21,200","8,15"
743,"21,900","56,256","22,290","29,72","21,229","8,16"
744,"21,929","56,331","22,320","29,76","21,257","8,17"
745,"21,959","56,407","22,350","29,8","21,286","8,18"
746,"21,988","56,483","22,380","29,84","21,314","8,19"
747,"22,018","56,559","22,410","29,88","21,343","8,20"
748,"22,047","56,634","22,440","29,92","21,371","8,22"
749,"22,076","56,710","22,470","29,96","21,400","8,23"
750,"22,106","56,786","22,500","30,00","21,429","8,24"
751,"22,135","56,861","22,530","30,04","21,457","8,25"
752,"22,165","56,937","22,560","30,08","21,486","8,26"
753,"22,194","57,013","22,590","30,12","21,514","8,27"
754,"22,224","57,089","22,620","30,16","21,543","8,28"
755,"22,253","57,164","22,650","30,2","21,571","8,29"
756,"22,283","57,240","22,680","30,24","21,600","8,30"
757,"22,312","57,316","22,710","30,28","21,629","8,31"
758,"22,342","57,391","22,740","30,32","21,657","8,33"
759,"22,371","57,467","22,770","30,36","21,686","8,34"
760,"22,401","57,543","22,800","30,4","21,714","8,35"
761,"22,430","57,619","22,830","30,44","21,743","8,36"
762,"22,460","57,694","22,860","30,48","21,771","8,37"
763,"22,489","57,770","22,890","30,52","21,800","8,38"
764,"22,519","57,846","22,920","30,56","21,829","8,39"
765,"22,548","57,921","22,950","30,60","21,857","8,40"
766,"22,578","57,997","22,980","30,64","21,886","8,41"
767,"22,607","58,073","23,010","30,68","21,914","8,42"
768,"22,636","58,149","23,040","30,72","21,943","8,44"
769,"22,666","58,224","23,070","30,76","21,971","8,45"
770,"22,695","58,300","23,100","30,8","22,000","8,46"
771,"22,725","58,376","23,130","30,84","22,029","8,47"
772,"22,754","58,451","23,160","30,88","22,057","8,48"
773,"22,784","58,527","23,190","30,92","22,086","8,49"
774,"22,813","58,603","23,220","30,96","22,114","8,50"
775,"22,843","58,679","23,250","31,00","22,143","8,51"
776,"22,872","58,754","23,280","31,04","22,171","8,52"
777,"22,902","58,830","23,310","31,08","22,200","8,53"
778,"22,931","58,906","23,340","31,12","22,229","8,55"
779,"22,961","58,981","23,370","31,16","22,257","8,56"
780,"22,990","59,057","23,400","31,20","22,286","8,57"
781,"23,020","59,133","23,430","31,24","22,314","8,58"
782,"23,049","59,209","23,460","31,28","22,343","8,59"
783,"23,079","59,284","23,490","31,32","22,371","8,60"
784,"23,108","59,360","23,520","31,36","22,400","8,61"
785,"23,138","59,436","23,550","31,4","22,429","8,62"
786,"23,167","59,511","23,580","31,44","22,457","8,63"
787,"23,196","59,587","23,610","31,48","22,486","8,64"
788,"23,226","59,663","23,640","31,52","22,514","8,65"
789,"23,255","59,739","23,670","31,56","22,543","8,67"
790,"23,285","59,814","23,700","31,60","22,571","8,68"
791,"23,314","59,890","23,730","31,64","22,600","8,69"
792,"23,344","59,966","23,760","31,68","22,629","8,70"
793,"23,373","60,041","23,790","31,72","22,657","8,71"
794,"23,403","60,117","23,820","31,76","22,686","8,72"
795,"23,432","60,193","23,850","31,8","22,714","8,73"
796,"23,462","60,269","23,880","31,84","22,743","8,74"
797,"23,491","60,344","23,910","31,88","22,771","8,75"
798,"23,521","60,420","23,940","31,92","22,800","8,76"
799,"23,550","60,496","23,970","31,96","22,829","8,78"
800,"23,580","60,571","24,000",32,"22,857","8,79"
801,"23,609","60,647","24,030","32,04","22,886","8,80"
802,"23,639","60,723","24,060","32,08","22,914","8,81"
803,"23,668","60,799","24,090","32,12","22,943","8,82"
804,"23,698","60,874","24,120","32,16","22,971","8,83"
805,"23,727","60,950","24,150","32,20","23,000","8,84"
806,"23,757","61,026","24,180","32,24","23,029","8,85"
807,"23,786","61,101","24,210","32,28","23,057","8,86"
808,"23,815","61,177","24,240","32,32","23,086","8,87"
809,"23,845","61,253","24,270","32,36","23,114","8,89"
810,"23,874","61,329","24,300","32,4","23,143","8,90"
811,"23,904","61,404","24,330","32,44","23,171","8,91"
812,"23,933","61,480","24,360","32,48","23,200","8,92"
813,"23,963","61,556","24,390","32,52","23,229","8,93"
814,"23,992","61,631","24,420","32,56","23,257","8,94"
815,"24,022","61,707","24,450","32,60","23,286","8,95"
816,"24,051","61,783","24,480","32,64","23,314","8,96"
817,"24,081","61,859","24,510","32,68","23,343","8,97"
818,"24,110","61,934","24,540","32,72","23,371","8,98"
819,"24,140","62,010","24,570","32,76","23,400","9,00"
820,"24,169","62,086","24,600","32,8","23,429","9,01"
821,"24,199","62,161","24,630","32,84","23,457","9,02"
822,"24,228","62,237","24,660","32,88","23,486","9,03"
823,"24,258","62,313","24,690","32,92","23,514","9,04"
824,"24,287","62,389","24,720","32,96","23,543","9,05"
825,"24,317","62,464","24,750","33,00","23,571","9,06"
826,"24,346","62,540","24,780","33,04","23,600","9,07"
827,"24,375","62,616","24,810","33,08","23,629","9,08"
828,"24,405","62,691","24,840","33,12","23,657","9,09"
829,"24,434","62,767","24,870","33,16","23,686","9,11"
830,"24,464","62,843","24,900","33,20","23,714","9,12"
831,"24,493","62,919","24,930","33,24","23,743","9,13"
832,"24,523","62,994","24,960","33,28","23,771","9,14"
833,"24,552","63,070","24,990","33,32","23,800","9,15"
834,"24,582","63,146","25,020","33,36","23,829","9,16"
835,"24,611","63,221","25,050","33,40","23,857","9,17"
836,"24,641","63,297","25,080","33,44","23,886","9,18"
837,"24,670","63,373","25,110","33,48","23,914","9,19"
838,"24,700","63,449","25,140","33,52","23,943","9,20"
839,"24,729","63,524","25,170","33,56","23,971","9,22"
840,"24,759","63,600","25,200","33,6","24,000","9,23"
841,"24,788","63,676","25,230","33,64","24,029","9,24"
842,"24,818","63,751","25,260","33,68","24,057","9,25"
843,"24,847","63,827","25,290","33,72","24,086","9,26"
844,"24,877","63,903","25,320","33,76","24,114","9,27"
845,"24,906","63,979","25,350","33,80","24,143","9,28"
846,"24,935","64,054","25,380","33,84","24,171","9,29"
847,"24,965","64,130","25,410","33,88","24,200","9,30"
848,"24,994","64,206","25,440","33,92","24,229","9,31"
849,"25,024","64,281","25,470","33,96","24,257","9,32"
850,"25,053","64,357","25,500","34,00","24,286","9,34"
851,"25,083","64,433","25,530","34,04","24,314","9,35"
852,"25,112","64,509","25,560","34,08","24,343","9,36"
853,"25,142","64,584","25,590","34,12","24,371","9,37"
854,"25,171","64,660","25,620","34,16","24,400","9,38"
855,"25,201","64,736","25,650","34,20","24,429","9,39"
856,"25,230","64,811","25,680","34,24","24,457","9,40"
857,"25,260","64,887","25,710","34,28","24,486","9,41"
858,"25,289","64,963","25,740","34,32","24,514","9,42"
859,"25,319","65,039","25,770","34,36","24,543","9,43"
860,"25,348","65,114","25,800","34,4","24,571","9,45"
861,"25,378","65,190","25,830","34,44","24,600","9,46"
862,"25,407","65,266","25,860","34,48","24,629","9,47"
863,"25,437","65,341","25,890","34,52","24,657","9,48"
864,"25,466","65,417","25,920","34,56","24,686","9,49"
865,"25,496","65,493","25,950","34,60","24,714","9,50"
866,"25,525","65,569","25,980","34,64","24,743","9,51"
867,"25,554","65,644","26,010","34,68","24,771","9,52"
868,"25,584","65,720","26,040","34,72","24,800","9,53"
869,"25,613","65,796","26,070","34,76","24,829","9,54"
870,"25,643","65,871","26,100","34,80","24,857","9,56"
871,"25,672","65,947","26,130","34,84","24,886","9,57"
872,"25,702","66,023","26,160","34,88","24,914","9,58"
873,"25,731","66,099","26,190","34,92","24,943","9,59"
874,"25,761","66,174","26,220","34,96","24,971","9,60"
875,"25,790","66,250","26,250",35,"25,000","9,61"
876,"25,820","66,326","26,280","35,04","25,029","9,62"
877,"25,849","66,401","26,310","35,08","25,057","9,63"
878,"25,879","66,477","26,340","35,12","25,086","9,64"
879,"25,908","66,553","26,370","35,16","25,114","9,65"
880,"25,938","66,629","26,400","35,20","25,143","9,67"
881,"25,967","66,704","26,430","35,24","25,171","9,68"
882,"25,997","66,780","26,460","35,28","25,200","9,69"
883,"26,026","66,856","26,490","35,32","25,229","9,70"
884,"26,056","66,931","26,520","35,36","25,257","9,71"
885,"26,085","67,007","26,550","35,4","25,286","9,72"
886,"26,114","67,083","26,580","35,44","25,314","9,73"
887,"26,144","67,159","26,610","35,48","25,343","9,74"
888,"26,173","67,234","26,640","35,52","25,371","9,75"
889,"26,203","67,310","26,670","35,56","25,400","9,76"
890,"26,232","67,386","26,700","35,60","25,429","9,78"
891,"26,262","67,461","26,730","35,64","25,457","9,79"
892,"26,291","67,537","26,760","35,68","25,486","9,80"
893,"26,321","67,613","26,790","35,72","25,514","9,81"
894,"26,350","67,689","26,820","35,76","25,543","9,82"
895,"26,380","67,764","26,850","35,80","25,571","9,83"
896,"26,409","67,840","26,880","35,84","25,600","9,84"
897,"26,439","67,916","26,910","35,88","25,629","9,85"
898,"26,468","67,991","26,940","35,92","25,657","9,86"
899,"26,498","68,067","26,970","35,96","25,686","9,87"
900,"26,527","68,143","27,000","36,00","25,714","9,88"
901,"26,557","68,219","27,030","36,04","25,743","9,90"
902,"26,586","68,294","27,060","36,08","25,771","9,91"
903,"26,616","68,370","27,090","36,12","25,800","9,92"
904,"26,645","68,446","27,120","36,16","25,829","9,93"
905,"26,674","68,521","27,150","36,2","25,857","9,94"
906,"26,704","68,597","27,180","36,24","25,886","9,95"
907,"26,733","68,673","27,210","36,28","25,914","9,96"
908,"26,763","68,749","27,240","36,32","25,943","9,97"
909,"26,792","68,824","27,270","36,36","25,971","9,98"
910,"26,822","68,900","27,300","36,40","26,000","9,99"
911,"26,851","68,976","27,330","36,44","26,029","10,01"
912,"26,881","69,051","27,360","36,48","26,057","10,02"
913,"26,910","69,127","27,390","36,52","26,086","10,03"
914,"26,940","69,203","27,420","36,56","26,114","10,04"
915,"26,969","69,279","27,450","36,60","26,143","10,05"
916,"26,999","69,354","27,480","36,64","26,171","10,06"
917,"27,028","69,430","27,510","36,68","26,200","10,07"
918,"27,058","69,506","27,540","36,72","26,229","10,08"
919,"27,087","69,581","27,570","36,76","26,257","10,09"
920,"27,117","69,657","27,600","36,8","26,286","10,10"
921,"27,146","69,733","27,630","36,84","26,314","10,12"
922,"27,176","69,809","27,660","36,88","26,343","10,13"
923,"27,205","69,884","27,690","36,92","26,371","10,14"
924,"27,235","69,960","27,720","36,96","26,400","10,15"
925,"27,264","70,036","27,750","37,00","26,429","10,16"
926,"27,293","70,111","27,780","37,04","26,457","10,17"
927,"27,323","70,187","27,810","37,08","26,486","10,18"
928,"27,352","70,263","27,840","37,12","26,514","10,19"
929,"27,382","70,339","27,870","37,16","26,543","10,20"
930,"27,411","70,414","27,900","37,2","26,571","10,21"
931,"27,441","70,490","27,930","37,24","26,600","10,23"
932,"27,470","70,566","27,960","37,28","26,629","10,24"
933,"27,500","70,641","27,990","37,32","26,657","10,25"
934,"27,529","70,717","28,020","37,36","26,686","10,26"
935,"27,559","70,793","28,050","37,40","26,714","10,27"
936,"27,588","70,869","28,080","37,44","26,743","10,28"
937,"27,618","70,944","28,110","37,48","26,771","10,29"
938,"27,647","71,020","28,140","37,52","26,800","10,30"
939,"27,677","71,096","28,170","37,56","26,829","10,31"
940,"27,706","71,171","28,200","37,60","26,857","10,32"
941,"27,736","71,247","28,230","37,64","26,886","10,34"
942,"27,765","71,323","28,260","37,68","26,914","10,35"
943,"27,795","71,399","28,290","37,72","26,943","10,36"
944,"27,824","71,474","28,320","37,76","26,971","10,37"
945,"27,853","71,550","28,350","37,8","27,000","10,38"
946,"27,883","71,626","28,380","37,84","27,029","10,39"
947,"27,912","71,701","28,410","37,88","27,057","10,40"
948,"27,942","71,777","28,440","37,92","27,086","10,41"
949,"27,971","71,853","28,470","37,96","27,114","10,42"
950,"28,001","71,929","28,500","38,00","27,143","10,43"
951,"28,030","72,004","28,530","38,04","27,171","10,45"
952,"28,060","72,080","28,560","38,08","27,200","10,46"
953,"28,089","72,156","28,590","38,12","27,229","10,47"
954,"28,119","72,231","28,620","38,16","27,257","10,48"
955,"28,148","72,307","28,650","38,2","27,286","10,49"
956,"28,178","72,383","28,680","38,24","27,314","10,50"
957,"28,207","72,459","28,710","38,28","27,343","10,51"
958,"28,237","72,534","28,740","38,32","27,371","10,52"
959,"28,266","72,610","28,770","38,36","27,400","10,53"
960,"28,296","72,686","28,800","38,40","27,429","10,54"
961,"28,325","72,761","28,830","38,44","27,457","10,55"
962,"28,355","72,837","28,860","38,48","27,486","10,57"
963,"28,384","72,913","28,890","38,52","27,514","10,58"
964,"28,413","72,989","28,920","38,56","27,543","10,59"
965,"28,443","73,064","28,950","38,6","27,571","10,60"
966,"28,472","73,140","28,980","38,64","27,600","10,61"
967,"28,502","73,216","29,010","38,68","27,629","10,62"
968,"28,531","73,291","29,040","38,72","27,657","10,63"
969,"28,561","73,367","29,070","38,76","27,686","10,64"
970,"28,590","73,443","29,100","38,8","27,714","10,65"
971,"28,620","73,519","29,130","38,84","27,743","10,66"
972,"28,649","73,594","29,160","38,88","27,771","10,68"
973,"28,679","73,670","29,190","38,92","27,800","10,69"
974,"28,708","73,746","29,220","38,96","27,829","10,70"
975,"28,738","73,821","29,250",39,"27,857","10,71"
976,"28,767","73,897","29,280","39,04","27,886","10,72"
977,"28,797","73,973","29,310","39,08","27,914","10,73"
978,"28,826","74,049","29,340","39,12","27,943","10,74"
979,"28,856","74,124","29,370","39,16","27,971","10,75"
980,"28,885","74,200","29,400","39,20","28,000","10,76"
981,"28,915","74,276","29,430","39,24","28,029","10,77"
982,"28,944","74,351","29,460","39,28","28,057","10,79"
983,"28,974","74,427","29,490","39,32","28,086","10,80"
984,"29,003","74,503","29,520","39,36","28,114","10,81"
985,"29,032","74,579","29,550","39,4","28,143","10,82"
986,"29,062","74,654","29,580","39,44","28,171","10,83"
987,"29,091","74,730","29,610","39,48","28,200","10,84"
988,"29,121","74,806","29,640","39,52","28,229","10,85"
989,"29,150","74,881","29,670","39,56","28,257","10,86"
990,"29,180","74,957","29,700","39,60","28,286","10,87"
991,"29,209","75,033","29,730","39,64","28,314","10,88"
992,"29,239","75,109","29,760","39,68","28,343","10,90"
993,"29,268","75,184","29,790","39,72","28,371","10,91"
994,"29,298","75,260","29,820","39,76","28,400","10,92"
995,"29,327","75,336","29,850","39,8","28,429","10,93"
996,"29,357","75,411","29,880","39,84","28,457","10,94"
997,"29,386","75,487","29,910","39,88","28,486","10,95"
998,"29,416","75,563","29,940","39,92","28,514","10,96"
999,"29,445","75,639","29,970","39,96","28,543","10,97"
1000,"29,475","75,714","30,000","40,00","28,571","10,98"